{
  "obsidian-linter:paste-as-plain-text": [
    {
      "modifiers": [
        "Mod",
        "Shift"
      ],
      "key": "V"
    }
  ],
  "obsidian-regex-replace:obsidian-regex-replace": [
    {
      "modifiers": [
        "Alt"
      ],
      "key": "F"
    }
  ],
  "make-md:mk-collapse-folders": [
    {
      "modifiers": [
        "Mod"
      ],
      "key": "ArrowDown"
    }
  ],
  "global-search:open": [],
  "obsidian-outliner:unfold": [],
  "omnisearch:show-modal": [
    {
      "modifiers": [],
      "key": "F1"
    }
  ],
  "omnisearch:show-modal-infile": [
    {
      "modifiers": [],
      "key": "F2"
    }
  ],
  "app:open-help": [],
  "workspace:edit-file-title": []
}