{
  "main": {
    "id": "5324373015726ba8",
    "type": "split",
    "children": [
      {
        "id": "4509724f8bf84da7",
        "type": "tabs",
        "children": [
          {
            "id": "e7a7b303c61786dc",
            "type": "leaf",
            "pinned": true,
            "state": {
              "type": "markdown",
              "state": {
                "file": "To Do Dashboard.md",
                "mode": "source",
                "source": false
              },
              "pinned": true,
              "icon": "lucide-file",
              "title": "To Do Dashboard"
            }
          }
        ]
      }
    ],
    "direction": "vertical"
  },
  "left": {
    "id": "35ed7f1245f07f73",
    "type": "split",
    "children": [
      {
        "id": "7b6c6c575d1254e1",
        "type": "tabs",
        "children": [
          {
            "id": "61dbb6092d6e0c0f",
            "type": "leaf",
            "state": {
              "type": "search",
              "state": {
                "query": "",
                "matchingCase": false,
                "explainSearch": false,
                "collapseAll": false,
                "extraContext": false,
                "sortOrder": "alphabetical"
              },
              "icon": "lucide-search",
              "title": "Search"
            }
          },
          {
            "id": "2461cd9971524410",
            "type": "leaf",
            "state": {
              "type": "file-explorer",
              "state": {
                "sortOrder": "alphabetical"
              },
              "icon": "lucide-folder-closed",
              "title": "Files"
            }
          },
          {
            "id": "e50842ba2dd10d42",
            "type": "leaf",
            "state": {
              "type": "bookmarks",
              "state": {},
              "icon": "lucide-bookmark",
              "title": "Bookmarks"
            }
          },
          {
            "id": "9df9722b1441123a",
            "type": "leaf",
            "state": {
              "type": "mk-path-view",
              "state": {},
              "icon": "layout-grid",
              "title": "Navigator"
            }
          }
        ],
        "currentTab": 3
      }
    ],
    "direction": "horizontal",
    "width": 276.5
  },
  "right": {
    "id": "6329a404052166ed",
    "type": "split",
    "children": [
      {
        "id": "c87f1c62648d81cb",
        "type": "tabs",
        "children": [
          {
            "id": "a556fa6ef4c827c8",
            "type": "leaf",
            "state": {
              "type": "backlink",
              "state": {
                "file": "To Do Dashboard.md",
                "collapseAll": false,
                "extraContext": false,
                "sortOrder": "alphabetical",
                "showSearch": false,
                "searchQuery": "",
                "backlinkCollapsed": false,
                "unlinkedCollapsed": true
              },
              "icon": "links-coming-in",
              "title": "Backlinks for To Do Dashboard"
            }
          },
          {
            "id": "a68becf0c3aaa7d8",
            "type": "leaf",
            "state": {
              "type": "outgoing-link",
              "state": {
                "linksCollapsed": false,
                "unlinkedCollapsed": true
              },
              "icon": "links-going-out",
              "title": "Outgoing links"
            }
          },
          {
            "id": "460cd69dfd3ddfac",
            "type": "leaf",
            "state": {
              "type": "tasks_timeline_view",
              "state": {},
              "icon": "calendar-clock",
              "title": "Tasks Timeline"
            }
          },
          {
            "id": "67d9fe8254c75c38",
            "type": "leaf",
            "state": {
              "type": "file-properties",
              "state": {
                "file": "To Do Dashboard.md"
              },
              "icon": "lucide-info",
              "title": "File properties for To Do Dashboard"
            }
          },
          {
            "id": "bad589d271d7978f",
            "type": "leaf",
            "state": {
              "type": "tag",
              "state": {
                "sortOrder": "frequency",
                "useHierarchy": true
              },
              "icon": "lucide-tags",
              "title": "Tags"
            }
          },
          {
            "id": "6a040ce1f2889478",
            "type": "leaf",
            "state": {
              "type": "all-properties",
              "state": {
                "sortOrder": "frequency",
                "showSearch": false,
                "searchQuery": ""
              },
              "icon": "lucide-archive",
              "title": "All properties"
            }
          },
          {
            "id": "4b63b816b019ebcc",
            "type": "leaf",
            "state": {
              "type": "outline",
              "state": {},
              "icon": "lucide-list",
              "title": "Outline"
            }
          },
          {
            "id": "ed395fe45349c89d",
            "type": "leaf",
            "state": {
              "type": "calendar",
              "state": {},
              "icon": "calendar-with-checkmark",
              "title": "Calendar"
            }
          }
        ],
        "currentTab": 2
      }
    ],
    "direction": "horizontal",
    "width": 347.5
  },
  "left-ribbon": {
    "hiddenItems": {
      "switcher:Open quick switcher": true,
      "homepage:Open homepage": false,
      "omnisearch:Omnisearch": false,
      "obsidian-full-calendar:Open Full Calendar": false,
      "graph:Open graph view": false,
      "canvas:Create new canvas": true,
      "daily-notes:Open today's daily note": true,
      "command-palette:Open command palette": true,
      "table-editor-obsidian:Advanced Tables Toolbar": false,
      "callout-manager:Insert Callout": true,
      "templater-obsidian:Templater": false,
      "templates:Insert template": true,
      "obsidian-excalidraw-plugin:Create new drawing": false
    }
  },
  "active": "e7a7b303c61786dc",
  "lastOpenFiles": [
    "Daily Work/2025-01-03.md",
    "BCL Info/Brands.md",
    "Scripts/Code Snnippets.md",
    "Scripts/Scripts.md",
    "Projects/Audience Hub/RampId Deduplication.md",
    "Untitled.md",
    "Projects/Audience Hub/Audience Hub.md",
    "Projects/Audience Hub",
    "Projects/Projects.md",
    "Projects",
    "Misc/Misc.md",
    "BCL Info/3rd Parties/LiveRamp/Data Info.md",
    "Daily Work/2025-01-02.md",
    "Daily Work/Daily Work.md",
    "To Do Dashboard.md",
    "Daily Work/2024-12-19.md",
    "Stand Ups/Stand Ups.md",
    "Tags/Tags.md",
    "Clippings/Lift Analysis Definition & How to Calculate  True Impact Media.md",
    "Clippings/Deadly Tesla Cybertruck blast outside Trump hotel in Las Vegas was intentional, officials say.md",
    "Clippings/Clippings.md",
    "Plugins/Templates/Templates.md",
    "BCL Info/BCL Info.md",
    "Stand Ups/Thursday LUSA IT/Thursday LUSA IT.md",
    "Untitled 1.md",
    "Plugins/Excalidraw/my_test.excalidraw.md",
    "Plugins/Calendar Events/(Every W,T,M) Prep and Breakfast.md",
    "Plugins/Calendar Events/Calendar Events.md",
    "Plugins/Excalidraw",
    "Stand Ups/Thursday LUSA IT",
    "GCP Cert",
    "Project",
    "Project",
    "Tags/#n",
    "Tags",
    "Clippings",
    "attachments/Pasted image 20241218112419.png",
    "Plugins/attachments/Pasted image 20241218104131.png",
    "Plugins/attachments/Pasted image 20241211114259.png",
    "Plugins/attachments/Pasted image 20241218104243.png",
    "attachments/Pasted image 20241218104025.png",
    "attachments/Pasted image 20241218104033.png",
    "attachments/Pasted image 20241218104032.png",
    "Plugins/attachments/Pasted image 20241210120345.png",
    "Plugins/attachments/Pasted image 20241210120233.png",
    "Untitled.canvas",
    "attachments/Pasted image 20241216120507.png"
  ]
}